{
  "name": "Stripe Dispute \u2192 AI \u2192 Notify (Skeleton)",
  "nodes": [
    {
      "id": "StripeTrigger",
      "name": "Stripe Trigger",
      "type": "n8n-nodes-base.stripeTrigger",
      "typeVersion": 1,
      "position": [
        200,
        200
      ],
      "parameters": {
        "events": [
          "charge.dispute.created"
        ]
      },
      "credentials": {
        "stripeApi": {
          "id": "__SET_CREDS__",
          "name": "Stripe API"
        }
      }
    },
    {
      "id": "HttpBackend",
      "name": "HTTP: Notify Backend",
      "type": "n8n-nodes-base.httpRequest",
      "typeVersion": 4,
      "position": [
        460,
        200
      ],
      "parameters": {
        "url": "http://localhost:3000/webhooks/stripe",
        "method": "POST",
        "jsonParameters": true,
        "responseFormat": "json",
        "sendHeaders": true,
        "headerParametersJson": "{\"Stripe-Signature\":\"__DEV_ONLY__\"}",
        "options": {
          "ignoreResponseCode": true
        },
        "bodyParametersJson": "={ $json }"
      }
    }
  ],
  "connections": {
    "Stripe Trigger": {
      "main": [
        [
          {
            "node": "HTTP: Notify Backend",
            "type": "main",
            "index": 0
          }
        ]
      ]
    }
  },
  "active": false
}